clash_type,tp,fp,tn,fn,total,precision,recall,f1,detection_rate
borrower_type,17,0,0,8,25,1.0,0.68,0.8095238095238095,0.68
clean,0,4,291,0,295,0.0,,,
lender_type,13,0,0,12,25,1.0,0.52,0.6842105263157895,0.52
openend_closedend,43,0,0,32,75,1.0,0.5733333333333334,0.728813559322034,0.5733333333333334
secured_unsecured,36,0,0,38,74,1.0,0.4864864864864865,0.6545454545454547,0.4864864864864865
